2026-07-27 10:56:03.191728,nairobi,19.7,Weather is fine! (2% chance of rain)
2026-07-27 10:58:46.350208,mombasa,26.2,Carry an umbrella (59% chance of rain)
2026-07-27 10:58:58.398252,london,18.7,Weather is fine! (0% chance of rain)
2026-07-27 10:59:14.622297,nyeri,17.8,Weather is fine! (22% chance of rain)
2026-07-27 10:59:24.601942,berlin,17.4,Weather is fine! (0% chance of rain)
2026-07-27 15:15:08.734832,naivasha,23.9,Carry an umbrella (94% chance of rain)
2026-07-27 15:18:41.952484,nairobi,22.9,Weather is fine! (14% chance of rain)
2026-07-27 15:18:58.471312,mombasa,26.7,Carry an umbrella (55% chance of rain)
2026-07-27 15:19:07.271151,london,23.1,Weather is fine! (0% chance of rain)
2026-07-27 15:19:11.287430,nyeri,19.1,Carry an umbrella (47% chance of rain)
2026-07-27 15:19:17.361534,berlin,21.1,Weather is fine! (0% chance of rain)
2026-07-27 15:23:52.809487,nairobi,22.9,Weather is fine! (14% chance of rain)
2026-07-27 15:23:57.189075,mombasa,26.7,Carry an umbrella (55% chance of rain)
2026-07-27 15:24:01.594713,london,23.4,Weather is fine! (0% chance of rain)
2026-07-27 15:24:06.022589,nyeri,19.1,Carry an umbrella (47% chance of rain)
2026-07-27 15:24:10.432920,berlin,21.1,Weather is fine! (0% chance of rain)
2026-07-27 15:24:37.480868,quit,10.8,Weather is fine! (0% chance of rain)
2026-07-28 09:44:04.803925,nairobi,18.1,Weather is fine! (0% chance of rain)
2026-07-28 09:44:08.459084,mombasa,26.2,Carry an umbrella (41% chance of rain)
2026-07-28 09:44:11.831574,london,19.7,Weather is fine! (0% chance of rain)
2026-07-28 09:44:14.887132,nyeri,14.6,Weather is fine! (8% chance of rain)
2026-07-28 09:44:18.591929,berlin,15.4,Weather is fine! (0% chance of rain)
2026-07-28 09:44:42.880302,quit,10.3,Weather is fine! (2% chance of rain)
2026-07-28 10:02:22.654917,nairobi,19.5,Weather is fine! (0% chance of rain)
2026-07-28 10:02:27.299963,mombasa,26.3,Carry an umbrella (41% chance of rain)
2026-07-28 10:02:32.301723,london,20.1,Weather is fine! (0% chance of rain)
2026-07-28 10:02:36.334803,nyeri,16.3,Weather is fine! (8% chance of rain)
2026-07-28 10:02:40.454885,berlin,16.3,Weather is fine! (0% chance of rain)
2026-07-28 10:02:58.009167,naivasha,19.0,Carry an umbrella (80% chance of rain)
2026-07-28 10:03:31.016134,cairo,26.9,Weather is fine! (0% chance of rain)
2026-07-28 10:03:43.146200,shanghai,34.9,Weather is fine! (4% chance of rain)
2026-07-28 10:03:56.633235,budapest,24.7,Weather is fine! (0% chance of rain)
